username,approx_followers,theme
ih0tl,5000,photographie
kifaya.shadi,8000,photographie
yana.trv,3000,photographie
alice.tillack,6000,art
doaahawari,3000,melange
softlyemy,3000,melange
melcherryy,7000,photographie
oksana.fedchyshyn,6000,art
jessicamills_art,2000,art
bymollyrube,1000,art
wiktoria.roma,700,art
to.you.messages,2000,ecriture
ss_vvrj,3000,ecriture
aya_x.s7a,6000,ecriture
jocelynevibes,5000,ecriture
basta_sia_outdoor,4000,nature
laganaenzo,9000,nature
phonic_._,2000,nature
safasvibe,9000,melange
imehdi_nasiri,1574,photographie
harry.g_photography,766,photographie
maryravir,1042,melange
ayeshakhan.afk,,nature
nature.walk.diaries,1000,nature
vj_on_trails,893,nature
yaraa.writings,1052,ecriture
yusrasoul,3387,ecriture
rachelfreeman.art,253,art
