Compte;folllowers;théme
frames.BY.akki;2K;PHOTOgraphy
ih0tl;5k;PHOTOgraphy
kifaya.shadi;8K;PHOTOgraphy
yana.trv;3K;photo and art
alice.tillack;6K;art
doaahawari ;3K;melange
softlyemy ;3K;melange 
melcherryy;7K;photographie
oksana.fedchyshyn;6K;art
jessicamills_art;2K;art
bymollyrube;1k;art
wiktoria.roma;700;art
ph.sara02;2K;ecriture
alshalabia;8k;ecriture
to.you.messages;2k;ecriture
ss_vvrj;3k;ecriture
aya_x.s7a ;6K;ecriture
jocelynevibes;5k;ecriture
sara_shagaf;4k;ecriture
amalia_heaven;2k;nature
soimon_sculli;400;nature
basta_sia_outdoor;4k;nature
laganaenzo;9K;nature
lefotodi_carlootta;600;nature
phonic_._;2K;nature
safasvibe;9k;melange 
